-720.192,-0.787129,4.44375,8920,-76.5455,15,18,17,50,-0.06,45.8333,2150
-1165.54,0.0348837,-0.245868,7175,-71.4896,18,10,11,39,0.205128,44.3333,2225
-1607.21,-0.011236,0.0357925,5465,-65.3316,16,7,9,32,0.28125,41.8333,2200
-2063.94,-0.0227273,-0.418387,3765,-56.2341,17,17,14,48,0,41.6667,2150
-2512.98,0.0232558,-0.21127,2185,-37.2176,17,11,12,40,0.15,41.3333,2200
-2912.66,-0.0454545,1.12631,2175,-3.26296,15,14,14,43,0.0232558,42,2100
-3244.71,-0.047619,0.380453,2130,-6.79612,18,13,8,39,0.128205,40.1667,2000
-3568.24,-0.005,0.343982,2088,-5.53797,12,14,19,45,-0.0444444,41.1667,1990
-3937.63,0.0427136,-0.335836,2073,-0.519377,18,8,22,48,0.208333,43.8333,2075
-4286.67,0.060241,0.659319,2073,5.05372,24,14,8,46,0.217391,43.5,2200
-4638.11,-0.0113636,-0.0117579,2088,4.06699,18,18,9,45,0,44.3333,2175
-4928.01,0.0229885,-0.537151,2133,5.40861,NULL,NULL,NULL,NULL,NULL,NULL,2225
-4550.77,-0.011236,0.132104,2175,2.60396,10,16,15,41,-0.146341,44,2200
-4174.81,0.0113636,0.0635708,2205,1.9084,19,9,14,42,0.238095,44.5,2225
-3795.64,0.011236,0.0373034,2215,1.69492,13,10,11,34,0.0882353,42.6667,2250
-3419.2,-0.0111111,-0.477913,2225,0.37594,8,16,12,36,-0.222222,40.6667,2225
-3045.96,0.0674157,1.63076,2255,5.55556,26,4,19,49,0.44898,41.1667,2375
-2658.94,-0.0210526,-0.555611,2280,2.57353,5,20,12,37,-0.405405,39.8333,2325
-2263.91,-0.0215054,0.125787,2290,-0.182815,9,18,12,39,-0.230769,39.5,2275
-1894.49,-0.032967,0.200357,2280,-3.2967,3,23,16,42,-0.47619,39.5,2200
-1563.24,-0.0227273,0.851193,2265,-4.79705,6,16,13,35,-0.285714,39.6667,2150
-1250.1,0,-0.345031,2220,-4.26716,10,22,13,45,-0.266667,41.1667,2150
-912.596,0.0116279,-0.192356,2190,-1.69492,14,6,11,31,0.258065,38.1667,2175
-590.32,-0.0344828,0.368306,2155,-3.44828,2,25,8,35,-0.657143,37.8333,2100
-267.564,0.0238095,-0.493003,2145,-0.193424,9,25,13,47,-0.340426,39.1667,2150
34.1987,0.0232558,0.215815,2155,2.12766,20,4,5,29,0.551724,37,2200
30.3526,0.0227273,-0.204474,2175,3.64683,5,20,12,37,-0.405405,35.5,2250
31.4744,0,-0.19037,2190,2.85714,15,13,17,45,0.0444444,37.8333,2250
20.2564,0.0111111,1.45571,2225,3.21361,13,20,13,46,-0.152174,39,2275
13.5256,0.021978,-0.391883,2260,3.71747,17,15,13,45,0.0444444,41.6667,2325
12.8846,0,0.329021,2285,2.38532,20,5,10,35,0.428571,41.8333,2325
12.4038,-0.0215054,-0.0297251,2290,-0.364964,3,14,4,21,-0.52381,26.6667,2275
14.4872,0.021978,-0.380584,2305,1.27042,17,7,5,29,0.344828,23.8333,2325
17.3077,0.0107527,-0.023251,2320,1.62162,13,8,7,28,0.178571,21,2350
20.1923,-0.0106383,0.329121,2320,0.179533,12,3,7,22,0.409091,18.8333,2325
30.7692,-0.0322581,0.733393,2305,-2.52708,4,14,12,30,-0.333333,23.1667,2250
36.2179,0,-0.227658,2300,-1.99637,16,4,7,27,0.444444,26.1667,2250
38.3013,-0.0111111,0.0845694,2280,-2.73224,9,11,6,26,-0.0769231,27,2225
33.0128,-0.0224719,-0.00531999,2245,-3.8674,9,9,4,22,0,25.8333,2175
33.1731,0.045977,-0.155383,2235,1.11111,20,8,12,40,0.3,27.8333,2275
33.3333,0.010989,-0.207363,2245,2.41187,6,16,14,36,-0.277778,30.1667,2300
30.609,0.0217391,1.14392,2265,3.8674,9,17,12,38,-0.210526,32.5,2350
31.4103,-0.0212766,-0.467317,2280,1.2844,6,20,3,29,-0.482759,33,2300
35.5769,0.0108696,-0.325301,2310,1.63934,10,10,10,30,0,34.3333,2325
31.4103,-0.0215054,1.06576,2310,-1.26582,14,16,11,41,-0.0487805,30.1667,2275
22.2756,0,-0.161313,2305,-1.26582,11,12,12,35,-0.0285714,30.5,2275
13.3013,0,0.0920026,2290,-1.08696,4,16,5,25,-0.48,28.3333,2275
8.33333,-0.021978,-0.159053,2275,-2.3766,11,17,13,41,-0.146341,30.3333,2225
4.32692,0,-0.349357,2255,-1.83824,9,16,8,33,-0.212121,30.8333,2225
-4.96795,-0.0449438,1.54633,2225,-4.85075,10,22,14,46,-0.26087,36.8333,2125
-5.92949,0.0235294,-0.449585,2205,-1.8797,17,16,11,44,0.0227273,37.3333,2175
-13.3013,0,0.00376153,2185,-1.13636,7,14,11,32,-0.21875,36.8333,2175
-18.5897,0.0229885,-0.0465574,2185,1.52091,22,12,14,48,0.208333,40.6667,2225
-25.8013,0.0224719,-0.4016,2195,3.40909,13,13,5,31,0,39,2275
-30.1282,-0.021978,1.60847,2215,1.13636,10,15,11,36,-0.138889,39.5,2225
-34.6154,0,-0.287272,2225,0.37594,6,22,14,42,-0.380952,38.8333,2225
-38.3013,-0.0337079,0.108819,2220,-2.82486,10,12,8,30,-0.0666667,36.5,2150
-43.9103,0,-0.350416,2205,-2.64151,17,6,9,32,0.34375,36.5,2150
-48.7179,-0.0116279,0.832859,2175,-3.04183,12,10,22,44,0.0454545,37.8333,2125
-47.2756,0.0117647,-0.526812,2160,-0.959693,9,11,19,39,-0.0512821,38.3333,2150
-45.6731,0.0116279,-0.169291,2150,0.578035,11,13,8,32,-0.0625,36.6667,2175
-37.5,0.0114943,-0.552133,2160,1.9305,24,16,9,49,0.163265,39.8333,2200
-35.7372,-0.0227273,2.63757,2160,-0.3861,8,27,11,46,-0.413043,42.1667,2150
-37.1795,-0.0232558,0.00868547,2155,-2.32558,4,22,16,42,-0.428571,42,2100
-46.9551,-0.0238095,1.16062,2135,-4.09357,5,15,15,35,-0.285714,40.5,2050
-59.2949,-0.0243902,0.1562,2100,-5.32544,6,15,8,29,-0.310345,38.8333,2000
-65.3846,0.0125,0.0450526,2065,-2.99401,15,6,8,29,0.310345,38.3333,2025
-69.5513,0,0.0347057,2040,-1.61943,15,13,15,43,0.0465116,37.3333,2025
-66.0256,0.037037,-0.188305,2040,2.43902,2,16,17,35,-0.4,35.5,2100
-62.6603,-0.0119048,-0.329369,2045,1.42566,6,23,13,42,-0.404762,35.5,2075
-59.1346,0,0.0420792,2060,1.21951,2,20,6,28,-0.642857,34.3333,2075
-57.6923,0,-0.34646,2070,0.606061,5,30,6,41,-0.609756,36.3333,2075
-59.4551,-0.0120482,0.995671,2075,-0.806452,12,11,14,37,0.027027,37.6667,2050
-64.1026,0.0121951,-0.337046,2070,0,14,7,8,29,0.241379,35.3333,2075
-62.3397,0.0240964,0.0472724,2080,2.20441,13,6,12,31,0.225806,34.6667,2125
-61.3782,-0.0117647,-0.0621219,2085,0.8,5,15,9,29,-0.344828,32.5,2100
-55.4487,-0.0119048,-0.0147074,2085,-0.4,9,13,8,30,-0.133333,32.8333,2075
-43.109,0.0240964,-0.480482,2100,1.59363,10,7,7,24,0.125,30,2125
-30.9295,0,-0.0621226,2110,0.990099,10,5,7,22,0.227273,19.5,2125
-15.7051,0.0117647,0.0175651,2115,1.5748,7,7,6,20,0,18,2150
-7.53205,0.0116279,-0.159207,2130,2.35294,21,12,10,43,0.209302,19.3333,2175
0.480769,-0.0229885,0.349975,2140,-0.195695,4,18,5,27,-0.518519,22,2125
3.8141,-0.0188235,0.362249,2132,-2.15096,14,28,8,50,-0.28,26.6667,2085
6.47436,-0.00719424,-0.0990894,2121,-2.43519,5,27,14,46,-0.478261,31,2070
11.6026,0.0144928,0.147716,2111,-0.826446,21,8,12,41,0.317073,35.8333,2100
14.9359,-0.00714286,-0.14888,2093,-1.02848,17,19,17,53,-0.0377358,43.3333,2085
17.7564,0.028777,0.324633,2097,2.06186,13,9,15,37,0.108108,42.3333,2145
26.9872,0.034965,0.677903,2124,4.84061,19,3,7,29,0.551724,42.6667,2220
35.7051,-0.00675676,0.117099,2151,3.15789,23,9,11,43,0.325581,35.6667,2205
39.4551,0.0113379,-0.474953,2177,3.04197,11,11,12,34,0,34.5,2230
41.0577,-0.00224215,-0.39091,2205,1.83066,7,17,7,31,-0.322581,30.8333,2225
40,0.0134831,-0.0686115,2227,1.88253,17,12,8,37,0.135135,32.3333,2255
36.6987,-0.0110865,0.888994,2229,0.112233,9,13,17,39,-0.102564,37,2230
37.3397,-0.00224215,-0.168567,2233,-0.149589,10,11,12,33,-0.030303,35.3333,2225
43.5256,-0.00674157,0.0292353,2229,-0.859813,9,18,11,38,-0.236842,36,2210
47.3077,-0.0271493,-0.0789582,2214,-2.97104,5,22,13,40,-0.425,37.5,2150
48.5897,0,-0.204293,2193,-2.42057,9,16,15,40,-0.175,37.8333,2150
54.7115,0.0372093,0.562957,2193,1.40205,16,7,14,37,0.243243,37.8333,2230
56.891,0.0201794,0.396992,2203,3.09668,4,16,13,33,-0.363636,36.8333,2275
51.3141,-0.0241758,-0.567862,2205,0.642236,4,27,13,44,-0.522727,33.6667,2220
47.7885,-0.0112613,0.425851,2214,-0.378215,9,32,13,54,-0.425926,36,2195
43.0128,0.0182232,-0.388797,2231,0.789177,21,13,14,48,0.166667,37.3333,2235
40.8333,0.0313199,2.01877,2246,2.74889,23,11,12,46,0.26087,38.8333,2305
37.6282,-0.00433839,-0.429214,2250,1.81146,22,4,10,36,0.5,39.3333,2295
35.609,-0.0087146,0.154527,2261,0.924214,24,10,9,43,0.325581,38,2275
35.641,0.00659341,0.282865,2280,1.06657,22,2,27,51,0.392157,38.5,2290
36.7628,-0.010917,-0.26395,2286,-0.548847,15,25,16,56,-0.178571,40.1667,2265
40.2885,-0.00662252,-0.417444,2275,-1.31579,25,7,7,39,0.461538,40.6667,2250
43.3974,0.0111111,1.10261,2271,0,25,9,10,44,0.363636,47.5,2275
40.609,0.0131868,-0.243205,2277,1.24451,29,15,18,62,0.225806,49.1667,2305
37.6923,0.0238612,0.78043,2291,3.01928,14,28,19,61,-0.229508,53,2360
40.5769,0.0169492,-0.234808,2318,3.9336,23,7,5,35,0.457143,49.5,2400
46.7308,-0.0104167,-0.0559357,2343,2.04082,12,22,15,49,-0.204082,51.1667,2375
48.6218,-0.0357895,-0.0531107,2346,-1.89218,16,18,13,47,-0.0425532,51.6667,2290
43.8782,-0.00218341,0.219068,2342,-2.17624,9,26,16,51,-0.333333,49.8333,2285
42.7244,0.0175055,-0.418873,2335,-0.605629,15,11,10,36,0.111111,45,2325
41.9231,-0.0107527,-0.284471,2315,-1.25224,15,30,15,60,-0.25,49.1667,2300
41.0256,0,0.212939,2300,-0.540541,10,32,14,56,-0.392857,50.3333,2300
42.1474,0.00869565,0.19897,2306,0.723589,35,10,17,62,0.403226,52.8333,2320
43.8782,-0.00431034,-0.16855,2311,0.144509,31,13,25,69,0.26087,55.8333,2310
42.2756,-0.00649351,1.66091,2305,-0.577617,17,11,10,38,0.157895,53.5,2295
30.9295,-0.0479303,0.687636,2282,-4.37637,7,29,17,53,-0.415094,46.6667,2185
14.7756,-0.00228833,-0.401172,2258,-3.75276,23,18,15,56,0.0892857,46.6667,2180
-2.30769,-0.00688073,-0.211986,2227,-3.45596,4,34,9,47,-0.638298,44.1667,2165
-14.4551,0.0115473,0.222861,2203,-1.38837,28,19,27,74,0.121622,45,2190
-17.5962,0.0410959,0.397535,2200,2.89583,9,26,12,47,-0.361702,46.5,2280
-22.6282,-0.0131579,-0.133662,2213,1.88679,22,18,14,54,0.0740741,55.1667,2250
-31.25,-0.0177778,-0.12697,2219,-0.112994,23,17,22,62,0.0967742,56.6667,2210
-32.8526,0.0226244,0.000658546,2238,1.53501,21,18,13,52,0.0576923,56,2260
-37.9808,-0.0309735,-0.247005,2238,-1.79372,15,27,11,53,-0.226415,57,2190
-46.891,-0.0136986,0.472466,2214,-2.92135,24,15,9,48,0.1875,52.6667,2160
-51.25,0.0324074,-0.529189,2210,0.601504,32,11,17,60,0.35,54.8333,2230
-57.1154,-0.0179372,-0.328534,2206,-0.755287,13,32,13,58,-0.327586,55.5,2190
-53.4936,0.00913242,0.681711,2196,0.151057,33,15,19,67,0.268657,56.3333,2210
-50.0641,-0.0158371,0.0761192,2193,-0.798176,19,19,18,56,0,57,2175
-42.4359,0.0183908,-0.433615,2204,0.834598,27,11,9,47,0.340426,56,2215
-32.9808,0.0180587,1.34396,2209,1.9209,23,18,19,60,0.0833333,50.5,2255
-29.7115,-0.0022173,-0.537102,2221,1.54193,41,12,10,63,0.460317,51.3333,2250
-24.4551,0.00444444,0.344528,2231,1.45903,23,27,10,60,-0.0666667,50.1667,2260
-18.4615,0.00663717,0.342676,2251,1.63812,13,17,11,41,-0.097561,47.6667,2275
-14.8077,0.0197802,0.640477,2272,2.54144,19,20,13,52,-0.0192308,48.5,2320
-3.33333,0.00431034,-0.28446,2287,2.11833,15,16,19,50,-0.02,54.3333,2330
6.53846,-0.0300429,1.12631,2289,-0.985761,23,18,15,56,0.0892857,48.6667,2260
13.0449,0.0243363,-0.565828,2300,0.944767,10,33,11,54,-0.425926,47.6667,2315
24.7756,0.0107991,-0.00930026,2313,1.44509,17,26,23,66,-0.136364,51.8333,2340
32.6603,-0.017094,0.0324729,2309,-0.468806,25,13,20,58,0.206897,52.8333,2300
43.7821,0.00869565,-0.609918,2307,0.396682,16,14,16,46,0.0434783,52.1667,2320
47.5641,0.00215517,0.133688,2320,0.649351,25,13,11,49,0.244898,54.8333,2325
47.3718,-0.00430107,-0.297333,2320,-0.179662,16,22,13,51,-0.117647,46.1667,2315
47.9167,0.00863931,0.704072,2319,0.538213,8,20,21,49,-0.244898,43.3333,2335
48.8141,0.00214133,0.183362,2327,0.753498,13,20,21,54,-0.12963,42.6667,2340
52.5962,0.00641026,-0.165395,2334,1.00071,27,17,13,57,0.175439,44.5,2355
51.9231,0.00424629,0.143215,2342,1.10438,11,11,11,33,0,41.8333,2365
47.3077,-0.0147992,0.0944001,2345,-0.42735,8,34,18,60,-0.433333,50.6667,2330
47.7564,-0.0257511,-0.245311,2332,-2.67953,22,25,21,68,-0.0441176,53.5,2270
40.7051,-0.00220264,0.787516,2317,-2.40575,21,14,16,51,0.137255,53.8333,2265
31.9872,0.0154525,-0.132412,2306,-0.612171,16,22,10,48,-0.125,45.5,2300
30.4167,0.0108696,-0.523618,2298,0.685673,23,27,22,72,-0.0555556,52,2325
25.8654,0.00215054,-0.4693,2298,1.15774,18,19,16,53,-0.0188679,50.8333,2330
22.5641,0.00858369,2.18765,2314,1.87861,16,35,19,70,-0.271429,51.1667,2350
18.75,0,-0.246989,2331,1.2931,22,15,16,53,0.132075,60.8333,2350
14.8077,0,-0.162504,2341,0.678329,30,19,15,64,0.171875,51.6667,2350
12.4359,0.00425532,0.429954,2348,0.675435,26,20,16,62,0.0967742,53.1667,2360
10.4167,0.0169492,0.205577,2362,1.83876,31,15,21,67,0.238806,52.6667,2400
14.0064,0.05625,1.61133,2399,6.02998,19,21,8,48,-0.0416667,42,2535
23.109,0.0177515,-0.0312549,2445,6.20926,20,24,22,66,-0.0606061,52.8333,2580
32.2115,-0.0581395,0.0757883,2461,-0.511771,13,29,19,61,-0.262295,52.3333,2430
44.359,0.0205761,-0.612781,2485,0.642543,9,27,18,54,-0.333333,51,2480
53.3654,0.0221774,0.217908,2512,1.67112,25,13,12,50,0.24,48.1667,2535
62.4038,0,-0.521395,2512,0.761842,20,15,7,42,0.119048,53.5,2535
73.3333,0.0118343,0.53455,2509,1.75207,14,17,15,46,-0.0652174,53.1667,2565
80.3846,-0.00584795,-0.00571038,2533,1.35807,25,10,12,47,0.319149,43,2550
89.3269,0.00980392,3.12752,2552,1.37795,18,27,25,70,-0.128571,39.1667,2575
95.9936,-0.0213592,-0.701529,2549,-1.04712,26,19,18,63,0.111111,42.6667,2520
102.788,0.0119048,-0.124222,2552,0.0326904,23,22,23,68,0.0147059,46.3333,2550
105.673,-0.0117647,-0.176562,2543,-1.04712,10,40,19,69,-0.434783,54.6667,2520
97.5,0,-0.193553,2537,-0.754841,22,29,16,67,-0.104478,58,2520
86.6026,0.00396825,-0.43076,2528,-0.230036,30,13,15,58,0.293103,65.8333,2530
85.8974,-0.0237154,0.612283,2518,-1.91926,34,23,21,78,0.141026,67.1667,2470
80.1282,0.00404858,0.857574,2504,-1.26078,14,23,19,56,-0.160714,65.1667,2480
64.1026,-0.0302419,1.97132,2481,-3.31658,7,33,16,56,-0.464286,63,2405
49.4551,0.014553,-0.514877,2465,-1.38094,11,25,10,46,-0.304348,59.5,2440
32.3077,-0.0122951,-0.402954,2441,-1.8663,5,34,20,59,-0.491525,59.6667,2410
17.8205,0.00414938,-0.279974,2431,-0.717949,12,32,18,62,-0.322581,57,2420
1.44231,0,-0.112782,2419,-0.377358,7,34,12,53,-0.509434,55.3333,2420
-10.0321,-0.00413223,0.278534,2420,-0.310238,28,16,14,58,0.206897,55.6667,2410
-24.0064,0,-0.0772884,2414,-0.34459,8,22,8,38,-0.368421,52.6667,2410
-33.4615,0.0186722,1.696,2423,1.41136,24,20,20,64,0.0625,55.6667,2455
-42.0833,0.00407332,-0.612065,2432,1.44033,18,21,15,54,-0.0555556,54.8333,2465
-50.6731,-0.00608519,0.310452,2438,0.616016,6,37,16,59,-0.525424,54.3333,2450
-48.3974,0.00612245,-0.170202,2449,0.921187,22,17,16,55,0.0909091,54.6667,2465
-47.0192,-0.0162272,-0.0466222,2452,-0.817996,16,20,11,47,-0.0851064,52.8333,2425
-43.3654,0.0164948,0.162208,2454,0.441426,30,17,30,77,0.168831,59.3333,2465
-40.0321,0.00608519,-0.48713,2457,0.881356,19,27,21,67,-0.119403,59.8333,2480
-31.1859,0.00806452,-0.0390606,2467,1.45418,30,16,20,66,0.212121,61.8333,2500
-22.0513,0.01,1.16435,2479,1.95155,28,18,14,60,0.166667,63.6667,2525
-8.39744,0.029703,1.34069,2514,4.03468,31,21,17,69,0.144928,67.3333,2600
6.1859,0.00576923,-0.328095,2544,3.32565,26,22,16,64,0.0625,65.1667,2615
20.609,-0.00956023,0.344522,2566,1.50229,32,16,16,64,0.25,57.8333,2590
28.4936,-0.00579151,-0.531298,2581,0.292113,12,30,10,52,-0.346154,55.6667,2575
38.2692,0.0135922,-0.0337065,2598,0.934579,23,21,21,65,0.0307692,56.5,2610
50.1603,0.0172414,-0.377624,2609,1.82167,26,18,22,66,0.121212,56,2655
60.5769,-0.00188324,0.108501,2616,1.30615,25,28,16,69,-0.0434783,56.8333,2650
74.4872,-0.00188679,-0.394822,2627,0.922099,23,23,18,64,0,63.3333,2645
84.3269,0.0132325,0.418793,2648,1.67562,12,22,7,41,-0.243902,59.5,2680
93.9744,0.00559701,0.0572449,2665,1.47474,30,15,20,65,0.230769,61.6667,2695
97.0513,-0.0166976,1.41329,2664,-0.469484,23,22,15,60,0.0166667,60.8333,2650
97.5962,-0.0150943,-0.332318,2656,-1.69492,24,17,16,57,0.122807,59.3333,2610
92.0833,0.0114943,-0.200999,2655,-0.502513,24,24,14,62,0,58.1667,2640
86.1538,0.00378788,0.0733832,2649,-0.156986,6,29,12,47,-0.489362,55.3333,2650
84.1026,0.0150943,1.65489,2648,1.28648,23,24,19,66,-0.0151515,23,2690
83.8141,0.00743494,-0.538256,2660,1.94357,16,25,25,66,-0.136364,33,2710
78.141,-0.0202952,-0.151766,2669,-0.156691,6,33,21,60,-0.45,41.6667,2655
72.0192,0.0131827,-0.0344367,2679,0.654818,6,30,11,47,-0.510638,46,2690
69.391,0.0223048,0.128257,2699,2.19882,29,15,15,59,0.237288,58.5,2750
67.9487,0.0109091,-0.332018,2717,2.48848,28,12,15,55,0.290909,56.6667,2780
64.391,0.00179856,0.0897972,2732,2.07697,21,29,22,72,-0.111111,57.6667,2785
56.6987,-0.010772,0.0938726,2752,0.700579,15,23,22,60,-0.133333,57.6667,2755
52.2756,-0.0163339,0.166323,2756,-1.27505,12,16,15,43,-0.0930233,57,2710
52.4359,0.00553505,-0.231188,2751,-0.939109,15,16,18,49,-0.0204082,56.3333,2725
49.7436,-0.00917431,0.712247,2735,-1.54968,33,11,19,63,0.349206,57,2700
48.3013,0.00925926,-0.0473086,2723,-0.304878,22,9,20,51,0.254902,56.3333,2725
45.9615,-0.00366973,-0.429666,2715,-0.244948,12,25,27,64,-0.203125,55,2715
41.1859,-0.0110497,1.64883,2710,-0.922509,18,17,13,48,0.0208333,53,2685
40.0321,0,-0.657498,2702,-0.769942,18,22,22,62,-0.0645161,56.1667,2685
36.2821,0.00744879,0.658242,2703,0.0925069,16,27,9,52,-0.211538,56.6667,2705
30.2244,0.0110906,0.140083,2705,0.984615,29,12,21,62,0.274194,56.5,2735
22.7244,-0.00548446,-0.197649,2706,0.461681,23,17,13,53,0.113208,56.8333,2720
12.1474,-0.0202206,0.45065,2702,-1.26582,6,33,17,56,-0.482143,55.5,2665
5.89744,0.0168856,-0.359564,2707,0.246609,29,22,18,69,0.101449,59,2710
4.29487,-0.00369004,-0.170314,2706,-0.215584,18,16,16,50,0.04,57,2700
3.14103,0.00925926,0.379642,2704,0.584436,26,18,23,67,0.119403,59.5,2725
2.5641,0.00183486,-0.0176464,2706,0.8,12,26,20,58,-0.241379,58.8333,2730
-1.63462,0,-0.143387,2719,0.738007,11,21,15,47,-0.212766,57.8333,2730
0.865385,0.0384615,0.958961,2744,3.53013,22,7,11,40,0.375,55.1667,2835
5.57692,-0.00529101,-0.393986,2768,2.29746,9,19,16,44,-0.227273,51,2820
11.3782,-0.0035461,-0.34239,2785,1.26126,5,29,9,43,-0.55814,49.8333,2810
15.609,-0.00533808,0.0460411,2798,0.299043,22,20,14,56,0.0357143,48,2795
15,-0.00178891,0.14601,2810,-0.238379,12,20,14,46,-0.173913,46,2790
16.3141,-0.00537634,0.00324866,2798,-1.04012,8,46,24,78,-0.487179,51.1667,2775
25.4167,0.00720721,-0.100553,2793,-0.0893655,11,31,20,62,-0.322581,54.8333,2795
34.391,0.019678,0.52419,2801,1.69492,33,19,19,71,0.197183,59.3333,2850
45.5128,0.00877193,-0.203292,2817,2.19194,25,20,11,56,0.0892857,61.5,2875
56.5385,0.0243478,0.521023,2848,3.75807,22,11,14,47,0.234043,60,2945
62.0513,-0.0254669,-0.100631,2867,0.642899,10,26,10,46,-0.347826,60,2870
69.0385,0.00696864,-0.0950343,2886,0.667634,4,29,19,52,-0.480769,55.6667,2890
65.4167,-0.00692041,-0.414964,2890,-0.462428,17,20,19,56,-0.0535714,54.6667,2870
64.6795,0.00522648,0.261072,2892,-0.144217,21,14,14,49,0.142857,51,2885
64.1667,-0.0017331,0.025765,2879,-0.346021,6,44,18,68,-0.558824,53,2880
65.0962,0.0104167,-0.267416,2887,0.895695,16,27,18,61,-0.180328,55.3333,2910
66.6667,0.00171821,0.817131,2892,0.806916,16,30,19,65,-0.215385,58.5,2915
68.0128,-0.0171527,0.000639684,2891,-0.779221,18,29,12,59,-0.186441,59.6667,2865
64.1346,-0.0366492,0.623075,2866,-3.80482,6,31,18,55,-0.454545,59.5,2760
56.4423,0.0108696,-0.424207,2848,-2.21963,10,30,6,46,-0.434783,59,2790
47.0192,0.0197133,-0.426058,2835,-0.0877963,26,18,22,66,0.121212,48.6667,2845
34.1667,0.00527241,0.636326,2824,0.733783,26,13,17,56,0.232143,47.1667,2860
24.4872,-0.020979,-0.0568889,2811,-0.70922,7,31,18,56,-0.428571,46.6667,2800
14.1026,0,-0.228126,2819,-0.326313,25,16,17,58,0.155172,47.1667,2800
4.45513,-0.00892857,0.502978,2816,-1.30409,6,25,9,40,-0.475,46.1667,2775
-6.44231,0,-0.0605508,2802,-1.21626,11,31,20,62,-0.322581,45.5,2775
-12.8846,0,-0.232716,2785,-0.80429,19,21,16,56,-0.0357143,45.5,2775
-18.8141,0.0288288,1.76397,2796,2.08582,29,21,14,64,0.125,46.8333,2855
-27.7885,-0.0175131,-0.311884,2797,0.268097,8,40,15,63,-0.507937,47.6667,2805
-33.1731,0,0.256263,2803,0.238237,27,17,13,57,0.175439,50.5,2805
-28.2051,0.0142603,0.0717739,2817,1.24555,30,11,16,57,0.333333,59.8333,2845
-26.0897,0.00175747,-0.418692,2832,0.974314,21,18,16,55,0.0545455,58.6667,2850
-27.3397,0.00350877,-0.0609002,2833,0.822562,27,10,26,63,0.269841,59.8333,2860
-26.8269,0.00699301,-0.483108,2848,1.3787,16,30,15,61,-0.229508,59.3333,2880
-20.8013,-0.00347222,0.257533,2861,0.642899,8,14,13,35,-0.171429,54.6667,2870
-15,-0.0226481,0.24238,2853,-1.63647,16,28,20,64,-0.1875,55.8333,2805
-15.3846,-0.0427807,2.43507,2820,-4.95575,6,36,22,64,-0.46875,57,2685
-13.4295,0.0130354,-0.375161,2792,-2.97265,28,6,16,50,0.44,56.1667,2720
-10.4487,0.0147059,-0.297973,2768,-0.956938,15,29,16,60,-0.233333,55.6667,2760
-14.0064,-0.00362319,-0.0732969,2744,-0.542495,31,11,10,52,0.384615,54.1667,2750
-13.141,0.00363636,-0.18424,2735,0.485437,10,34,25,69,-0.347826,59.8333,2760
-12.0192,-0.00724638,-0.185369,2746,0.1523,11,31,19,61,-0.327869,59.3333,2740
-14.0385,0,-0.032505,2750,-0.182149,17,30,17,64,-0.203125,59.3333,2740
-19.7436,-0.0109489,0.251778,2740,-1.21507,13,27,10,50,-0.28,59.3333,2710
-34.5833,-0.0350554,1.14627,2713,-3.83083,13,17,8,38,-0.105263,55.6667,2615
-49.2628,0.00573614,-0.694388,2687,-2.56252,24,26,15,65,-0.0307692,46.6667,2630
-57.1795,0.0323194,0.873783,2682,0.866873,36,11,17,64,0.390625,47.1667,2715
-58.4295,0.00552486,-0.307119,2680,1.48699,31,11,16,58,0.344828,46.1667,2730
-51.7628,0.0018315,-0.233693,2685,1.70437,13,29,17,59,-0.271186,47.6667,2735
-47.7885,0.00182815,-0.0119755,2710,1.70121,15,20,14,49,-0.102041,49.5,2740
-47.6603,0.00364964,0.587855,2734,1.22699,31,24,13,68,0.102941,60.5,2750
-46.4744,0.00181818,-0.415781,2742,0.639269,44,9,12,65,0.538462,60.5,2755
-45.2244,0.00725953,1.00321,2751,1.00091,33,15,13,61,0.295082,60,2775
-41.6987,-0.0198198,0.367731,2748,-0.940819,14,33,14,61,-0.311475,60.5,2720
-38.0769,0.0165441,-0.670613,2753,0.514995,22,21,16,59,0.0169492,60.5,2765
-29.7115,0.0180832,1.1024,2766,1.86972,25,9,16,50,0.32,60.6667,2815
-13.2372,-0.0106572,-0.0835919,2772,0.571773,13,20,15,48,-0.145833,57.3333,2785
3.52564,0.010772,-0.217373,2780,1.28936,21,18,21,60,0.05,56.5,2815
13.3654,-0.0017762,-0.508691,2798,0.897666,24,6,22,52,0.346154,55,2810
23.3974,0.00533808,0.310344,2810,0.802855,9,19,10,38,-0.263158,51.1667,2825
35.0962,0.019469,1.33664,2823,2.06734,18,41,21,80,-0.2875,54.6667,2880
43.6538,-0.00173611,-0.480134,2841,1.53031,25,21,14,60,0.0666667,56.3333,2875
45.641,-0.00869565,-0.218755,2848,0.263852,18,26,13,57,-0.140351,57.8333,2850
48.3333,-0.00175439,0.058452,2855,-0.0877963,26,11,10,47,0.319149,55.6667,2845
50.6731,-0.00175747,-0.562396,2858,-0.438212,20,7,16,43,0.302326,54.1667,2840
55.641,-0.0123239,1.55376,2843,-1.55016,11,28,9,48,-0.354167,55.8333,2805
56.7949,-0.00356506,0.359919,2827,-1.41093,11,27,12,50,-0.32,50.8333,2795
54.8077,0.0143113,-0.300768,2824,0.23571,12,15,21,48,-0.0625,48.8333,2835
55.3205,0,1.04844,2822,0.324388,8,22,9,39,-0.358974,45.8333,2835
51.7308,-0.00352734,-0.123829,2819,0.088574,13,17,15,45,-0.0888889,45.5,2825
43.109,-0.0141593,0.0438881,2815,-1.00711,9,39,8,56,-0.535714,47.6667,2785
32.0192,-0.0143627,0.126379,2805,-2.08086,7,43,14,64,-0.5625,50.3333,2745
18.7179,-0.00728597,-0.147445,2783,-2.38806,19,19,16,54,0,51,2725
9.77564,0.0275229,-0.292813,2776,0.508525,29,5,20,54,0.444444,52,2800
3.78205,0.00535714,0.414625,2774,1.16801,19,5,14,38,0.368421,51.8333,2815
-1.15385,0.0035524,-0.0388092,2782,1.5274,19,16,9,44,0.0681818,51.6667,2825
-5.28846,0,-0.0766907,2798,1.28473,22,20,6,48,0.0416667,50.3333,2825
-5.41667,0.00707965,-0.49495,2822,1.3959,20,7,6,33,0.393939,45.1667,2845
-3.71795,0.00175747,-0.302519,2832,0.825472,22,11,8,41,0.268293,29.1667,2850
-6.79487,0.00526316,1.49599,2842,0.969163,24,12,12,48,0.25,29.8333,2865
-8.36539,-0.0017452,-0.70959,2849,0.527241,20,20,9,49,0,27.1667,2860
-8.30128,-0.00874126,1.62955,2851,-0.409836,7,37,16,60,-0.5,30.1667,2835
-6.95513,-0.00705467,-0.0410207,2845,-1.05448,8,36,22,66,-0.424242,33.1667,2815
-1.34615,-0.0017762,0.463218,2837,-1.0273,15,17,14,46,-0.0434783,38.3333,2810
6.85897,0.0088968,-0.192562,2831,-0.0587544,38,10,15,63,0.444444,48.3333,2835
10.5128,0.00881834,0.26066,2831,0.852189,37,11,12,60,0.433333,50.1667,2860
13.9103,-0.00874126,-0.129618,2831,0.117716,14,20,11,45,-0.133333,56.6667,2835
16.5064,0.00176367,0.0319624,2836,0.264784,22,17,12,51,0.0980392,55.1667,2840
17.4679,-0.00528169,-0.381118,2839,-0.323434,12,25,19,56,-0.232143,53.5,2825
16.7949,0.00176991,0.0723071,2838,-0.264317,24,14,13,51,0.196078,54.3333,2830
16.1859,0.00530035,-0.419149,2835,0.205459,10,31,12,53,-0.396226,52.6667,2845
13.4295,0.00351494,0.0152164,2839,0.587199,18,29,28,75,-0.146667,55.1667,2855
12.7244,0.0157618,1.57508,2851,1.78415,28,18,16,62,0.16129,58,2900
16.3141,0.00517241,0.109205,2869,1.86372,39,8,19,66,0.469697,60.5,2915
20,-0.0120069,-0.174931,2879,0.319303,31,11,22,64,0.3125,61.8333,2880
24.1667,0.00347222,0.459406,2888,0.318195,33,10,13,56,0.410714,62.6667,2890
21.5705,-0.0242215,1.31141,2881,-1.96987,14,21,16,51,-0.137255,62.3333,2820
15.8013,0.0035461,-0.405827,2867,-1.47955,36,12,20,68,0.352941,61.1667,2830
12.0192,0.00530035,-0.117607,2853,-0.640279,9,36,20,65,-0.415385,61.6667,2845
11.3782,0.00527241,-0.549784,2849,0.20438,12,34,12,58,-0.37931,60.3333,2860
11.2179,-0.0104895,0.70223,2837,-0.556369,23,15,11,49,0.163265,57.8333,2830
9.90385,-0.00883392,0.571224,2834,-0.94173,8,40,20,68,-0.470588,59.8333,2805
8.23718,0.00713013,-0.415138,2833,-0.264784,30,11,9,50,0.38,59.6667,2825
7.40385,0.00707965,0.496256,2833,0.352734,40,10,14,64,0.46875,59,2845
1.66667,-0.0105448,0.161626,2824,-0.530035,14,24,15,53,-0.188679,57,2815
-4.07051,0.0053286,-0.301797,2824,0.176991,31,11,13,55,0.363636,56.5,2830
-5.73718,0.0106007,0.10967,2835,1.06007,18,23,12,53,-0.0943396,57.1667,2860
-9.87179,-0.00524476,-0.291274,2839,0.293772,21,26,19,66,-0.0757576,56.8333,2845
-8.26923,0.00527241,0.35121,2842,0.615655,26,15,13,54,0.203704,57.5,2860
-6.12179,0.0122378,0.394888,2858,1.54925,15,33,13,61,-0.295082,57,2895
-0.448718,0.029361,0.385783,2888,3.53214,30,9,13,52,0.403846,56.8333,2980
0.897436,-0.0302013,-0.451071,2894,0.0577034,19,26,22,67,-0.104478,58.8333,2890
4.00641,0.0017301,-0.582492,2904,0.0287935,21,20,17,58,0.0172414,59.6667,2895
9.39103,0,0.366994,2911,-0.258398,25,16,12,53,0.169811,57.5,2895
12.3077,-0.00172712,0.188836,2910,-0.601892,20,22,9,51,-0.0392157,47.6667,2890
14.6474,0.00692041,-0.00484415,2896,0,28,17,20,65,0.169231,49.8333,2910
19.8397,-0.00171821,-0.0429625,2899,0.258844,18,14,17,49,0.0816327,46.8333,2905
27.0833,0.0223752,0.567532,2914,2.03264,38,10,18,66,0.424242,48.1667,2970
33.7821,0.0016835,-0.149711,2930,1.73839,21,22,12,55,-0.0181818,48.5,2975
40.5128,-0.0134454,0.021627,2939,0.142167,10,23,9,42,-0.309524,54.6667,2935
45.3205,0.00511073,0.291339,2947,0.311703,33,19,24,76,0.184211,58.8333,2950
47.3718,-0.00169492,-0.315459,2955,-0.0565611,23,14,17,54,0.166667,57,2945
38.0769,-0.0118845,-0.252634,2943,-1.27226,8,29,16,53,-0.396226,57.6667,2910
36.6667,0,0.251299,2930,-0.93617,18,17,7,42,0.0238095,53.6667,2910
38.7821,0.0257732,0.768397,2940,1.5594,25,6,1,32,0.59375,49.8333,2985
39.6795,-0.0134003,-0.343634,2939,0.141683,10,31,16,57,-0.368421,52.3333,2945
39.8397,0,0.00435265,2939,0.170068,24,20,16,60,0.0666667,49.6667,2945
37.1474,-0.00169779,0.0439245,2945,0.0283527,13,31,21,65,-0.276923,51.5,2940
34.9679,-0.00510204,-0.384482,2948,-0.566572,25,20,18,63,0.0793651,53.1667,2925
29.4872,0.0102564,0.471152,2942,0.197796,19,17,18,54,0.037037,55.1667,2955
23.3333,0.00676819,-0.182281,2948,0.932994,25,19,23,67,0.0895522,61,2975
20.1923,-0.00672269,0.499218,2950,0.197796,28,18,16,62,0.16129,61.8333,2955
16.7308,-0.00169205,-0.381888,2952,0,22,22,13,57,0,61.3333,2950
13.109,0,0.975711,2957,-0.0564653,36,14,11,61,0.360656,60.6667,2950
11.6346,-0.0101695,0.0155139,2950,-1.0449,8,29,8,45,-0.466667,57.6667,2920
11.5064,0,-0.623087,2939,-0.848896,24,12,20,56,0.214286,58,2920
8.39744,0,0.825262,2932,-0.539313,28,24,15,67,0.0597015,58,2920
3.36538,-0.0136986,0.0695007,2918,-1.48233,16,30,15,61,-0.229508,57.8333,2880
-4.61538,-0.0243056,0.593512,2890,-3.10345,8,33,13,54,-0.462963,57.3333,2810
-12.1795,0,-0.378512,2868,-2.3175,19,23,10,52,-0.0769231,55.8333,2810
-16.2179,0.019573,0.0520678,2857,-0.087184,24,8,5,37,0.432432,54.5,2865
-20.8654,0.008726,0.621716,2851,0.960699,30,10,17,57,0.350877,54.6667,2890
-29.8397,-0.0190311,-0.201617,2842,-0.46811,12,26,11,49,-0.285714,51.6667,2835
-35.0962,-0.00352734,-0.521374,2845,-0.498973,22,14,15,51,0.156863,50,2825
-39.2949,0.00353982,-0.355721,2850,-0.293083,21,7,5,33,0.424242,38,2835
-44.1346,0.00705467,0.124638,2848,0.146156,20,10,13,43,0.232558,39,2855
-45.6731,0.00175131,0.78924,2842,0.350877,19,22,7,48,-0.0625,37.5,2860
-48.3013,-0.00699301,-0.280364,2843,-0.058651,26,14,6,46,0.26087,37,2840
-52.9487,-0.00528169,0.775183,2843,-0.528169,17,14,14,45,0.0666667,36,2825
-55.609,-0.0106195,0.0357434,2835,-1.41093,12,26,14,52,-0.269231,39.3333,2795
-49.5513,0,-0.0446308,2823,-1.17855,14,26,21,61,-0.196721,42.3333,2795
-44.5833,0.00357782,-0.246664,2812,-0.531915,18,27,13,58,-0.155172,44,2805
-43.9744,0.00178253,-0.0427735,2806,-0.0592768,31,6,18,55,0.454545,45.5,2810
-45.8654,-0.00177936,0.344352,2802,-0.0297,13,17,9,39,-0.102564,44.5,2805
-42.4038,0.0106952,0.0768076,2810,0.979519,9,32,20,61,-0.377049,54.3333,2835
-36.9551,0,-0.357912,2818,0.740302,28,17,6,51,0.215686,54.1667,2835
-31.7949,-0.00176367,0.108892,2823,0.35461,15,23,11,49,-0.163265,52.1667,2830
-27.9487,0.00883392,0.866653,2832,0.94284,28,18,15,61,0.163934,52.6667,2855
-22.4679,0.0175131,0.0488206,2852,2.13888,27,12,16,55,0.272727,52.6667,2905
-19.5833,-0.0327022,-0.250089,2847,-1.23023,10,31,20,61,-0.344262,56.3333,2810
-17.5,-0.00711744,-0.161082,2838,-1.67401,12,32,21,65,-0.307692,57,2790
-16.9551,-0.0322581,0.855422,2812,-4.08526,18,21,17,56,-0.0535714,57.8333,2700
-20.2244,-0.0314815,0.351054,2764,-5.90705,14,29,3,46,-0.326087,57.3333,2615
-19.1346,0.0573614,-0.505837,2736,0.0301477,26,26,14,66,0,50,2765
-21.8269,-0.00542495,0.0277006,2724,0.42605,26,25,24,75,0.0133333,52.3333,2750
-23.2051,0.00727273,-0.135021,2720,1.40329,17,32,20,69,-0.217391,53,2770
-22.2756,0.0216607,-0.0650914,2746,3.34753,10,35,21,66,-0.378788,54.6667,2830
-19.0385,0.0106007,-0.0453499,2795,3.4358,30,13,13,56,0.303571,56.3333,2860
-18.1731,-0.00524476,-0.166578,2811,1.48633,22,18,17,57,0.0701754,64.8333,2845
-21.7949,-0.0158172,0.0999022,2821,-0.326313,25,22,19,66,0.0454545,64.8333,2800
-27.6282,0.0125,-0.298373,2834,0.413223,26,13,22,61,0.213115,62.5,2835
-24.5513,0.00176367,0.888463,2836,0.176367,21,26,13,60,-0.0833333,50.1667,2840
-20.0641,-0.00352113,-0.221075,2830,-0.176367,14,25,20,59,-0.186441,50.6667,2830
-8.84615,0,0.0510807,2827,0,24,24,19,67,0,52.3333,2830
9.10256,0.00176678,-0.164311,2834,0.23571,35,16,19,70,0.271429,53,2835
14.0705,0.00529101,0.200356,2837,0.470035,22,18,12,52,0.0769231,51.5,2850
21.1859,0.00701754,-0.482613,2843,0.967458,18,14,21,53,0.0754717,60.1667,2870
25.2244,-0.0139373,-0.686561,2843,-0.381344,15,19,20,54,-0.0740741,59.1667,2830
26.25,0.0141343,2.43,2851,0.790167,18,11,12,41,0.170732,56.1667,2870
22.7885,-0.0139373,-0.0244052,2850,-0.614574,14,26,16,56,-0.214286,54.3333,2830
22.8526,0.00883392,0.288304,2851,0.146156,22,19,17,58,0.0517241,52.3333,2855
26.2179,-0.00350263,0.617765,2846,-0.175439,9,24,11,44,-0.340909,51,2845
26.4744,0,-0.721529,2849,-0.0292826,6,24,18,48,-0.375,50.1667,2845
28.6218,0.0105448,2.02542,2850,0.759346,16,33,12,61,-0.278689,45.1667,2875
31.2821,-0.0173913,-0.245492,2849,-0.732064,14,34,18,66,-0.30303,46.8333,2825
31.6346,0.0106195,-0.185867,2849,0.175439,2,32,17,51,-0.588235,45.6667,2855
30.8013,0,-0.135804,2851,0.175439,9,32,11,52,-0.442308,47,2855
24.1346,-0.00875657,0.735479,2848,-0.614574,13,37,28,78,-0.307692,52,2830
13.8782,0.0106007,0.332105,2845,0.350877,21,23,17,61,-0.0327869,61.5,2860
13.1731,0.0034965,-0.584181,2854,0.731208,27,19,6,52,0.153846,60,2870
7.66026,-0.00696864,-0.372559,2853,-0.116822,21,13,12,46,0.173913,56.6667,2850
4.45513,-0.0140351,0.119522,2844,-1.25915,10,39,22,71,-0.408451,60,2810
4.16667,0.0213523,1.79453,2852,0.760679,25,23,18,66,0.030303,62.3333,2870
6.08974,0.00174216,-0.0841454,2855,0.671141,17,18,14,49,-0.0204082,57.5,2875
7.66026,0.00173913,-0.402733,2857,0.728651,24,19,19,62,0.0806452,57.6667,2880
5.44872,0.00347222,0.212087,2865,0.960699,25,6,24,55,0.345455,58.1667,2890
6.28205,-0.0190311,-0.0575948,2870,-0.874126,22,9,20,51,0.254902,59,2835
5.48077,0.00529101,0.200203,2866,-0.581395,21,13,14,48,0.166667,55.1667,2850
5.64103,0.0105263,0.0248419,2867,0.40674,25,10,18,53,0.283019,53,2880
9.00641,0.00868056,1.67948,2872,1.10209,14,23,15,52,-0.173077,53.5,2905
11.4103,0.010327,-0.539487,2881,1.82134,16,20,16,52,-0.0769231,51.8333,2935
12.2115,-0.0102215,-0.502356,2895,0.693241,11,20,24,55,-0.163636,51.8333,2905
16.5705,0.00860585,2.42011,2911,1.00546,19,11,18,48,0.166667,51.3333,2930
22.2756,-0.00341297,-0.594732,2919,0.257511,24,22,21,67,0.0298507,54.5,2920
24.9679,0.00342466,0.396965,2924,0.313837,23,8,15,46,0.326087,53.3333,2930
25.7051,0,-0.666473,2923,0.17094,18,11,15,44,0.159091,52,2930
26.9872,0,0.308771,2928,0.199487,12,23,21,56,-0.196429,43.8333,2930
24.359,-0.0204778,0.362855,2916,-1.6562,23,17,21,61,0.0983607,46,2870
27.6603,0.010453,1.26232,2912,-0.457666,7,32,12,51,-0.490196,43.3333,2900
29.7436,-0.00862069,-0.552505,2901,-1.06108,18,34,21,73,-0.219178,47.8333,2875
27.4038,0,0.25843,2890,-0.747986,23,8,14,45,0.333333,48,2875
24.8077,0.00521739,-0.230651,2882,0,22,9,16,47,0.276596,55.5,2890
19.2628,-0.00346021,-0.190944,2884,-0.0578369,21,13,11,45,0.177778,53.6667,2880
12.7885,-0.0190972,1.40237,2869,-1.71064,14,20,11,45,-0.133333,51,2825
7.17949,0.0141593,0.908033,2867,-0.116212,12,23,10,45,-0.244444,19.6667,2865
1.89103,-0.0069808,-0.732414,2861,-0.640279,12,17,13,42,-0.119048,19.1667,2845
-4.55128,0.00351494,0.157014,2854,-0.174825,3,20,7,30,-0.566667,22.6667,2855
-13.8782,-0.0105079,0.339166,2843,-0.848201,5,27,11,43,-0.511628,28.3333,2825
-20,0.00707965,-0.156336,2847,0.0586166,4,22,11,37,-0.486486,33,2845
-20.4808,0.00351494,-0.234878,2845,0.234055,18,12,8,38,0.157895,39.1667,2855
-22.5962,0.00525394,0.47386,2850,0.731208,24,10,11,45,0.311111,39.1667,2870
-19.1026,0.0243902,0.368982,2867,2.6178,21,7,10,38,0.368421,38.5,2940
-18.6218,-0.00680272,-0.0105348,2886,1.53579,27,48,20,95,-0.221053,49.3333,2920
-20.8333,-0.015411,-0.385342,2892,-0.317827,10,21,16,47,-0.234043,50,2875
-18.141,0.0226087,0.430461,2909,1.37931,19,13,18,50,0.12,52.1667,2940
-10.3526,-0.00340136,-0.0884929,2921,0.600858,9,23,12,44,-0.318182,53.1667,2930
-3.62179,0.00853242,-0.0203272,2924,0.968109,4,21,11,36,-0.472222,51.6667,2955
4.07051,0.00338409,-0.213819,2933,1.16577,12,21,17,50,-0.18,38.3333,2965
10.7692,-0.0084317,0.156853,2946,0.198807,17,22,18,57,-0.0877193,40,2940
13.3013,-0.047619,0.448142,2918,-4.16429,9,30,17,56,-0.375,41,2800
15.6731,0.00892857,-0.130885,2897,-2.67011,23,14,15,52,0.173077,42.3333,2825
19.4551,0.0176991,-0.274163,2881,-0.633641,21,15,25,61,0.0983607,46.5,2875
21.9872,0,0.659991,2863,-0.173611,13,24,15,52,-0.211538,46.6667,2875
16.6026,0.00173913,-0.336414,2851,0.49433,7,15,11,33,-0.242424,42.6667,2880
13.5897,-0.00347222,-0.0740036,2865,0.554745,5,25,14,44,-0.454545,40.6667,2870
7.08333,-0.0487805,0.720167,2846,-3.95778,5,26,12,43,-0.488372,39.1667,2730
-7.98077,-0.025641,-0.0652974,2803,-5.50622,6,20,17,43,-0.325581,36.1667,2660
-19.6154,0.0169173,0.0598502,2769,-2.93062,20,13,12,45,0.155556,43.3333,2705
-34.391,-0.00554529,0.785134,2731,-2.38887,10,24,12,46,-0.304348,42.3333,2690
-45.8333,0.0520446,-0.333677,2723,3.00273,24,4,20,48,0.416667,44.8333,2830
-52.0833,0.0123675,0.0388108,2750,4.30825,49,25,23,97,0.247423,53.6667,2865
-47.2115,0.0017452,0.0642959,2792,3.61011,NULL,NULL,NULL,NULL,NULL,NULL,2870
-45.8333,-0.0139373,-0.633951,2817,1.13163,8,24,15,47,-0.340426,54.3333,2830
-52.2436,-0.0194346,0.798731,2834,-1.24555,13,14,19,46,-0.0217391,54.8333,2775
-56.7628,0.00900901,-0.6466,2828,-1.00177,21,8,13,42,0.309524,54.3333,2800
-60.8654,0.00357143,0.283088,2817,-0.530973,7,13,13,33,-0.181818,52.1667,2810
-68.4936,-0.0391459,0.391323,2783,-3.48525,9,16,21,46,-0.152174,51.8333,2700
-60.4167,0.0111111,-0.338377,2763,-1.59207,9,11,15,35,-0.0571429,41.5,2730
-47.2756,0,1.18402,2754,-0.99728,24,8,23,55,0.290909,42.8333,2730
-38.0449,0.0128205,-0.169377,2747,0.332628,9,16,24,49,-0.142857,43.3333,2765
-25.2885,-0.00180832,-0.550797,2737,0.394059,12,15,14,41,-0.0731707,43.1667,2760
-23.4615,0.00905797,0.197941,2754,1.45719,18,13,11,42,0.119048,44.6667,2785
-26.9551,-0.02693,-0.174937,2750,-1.33495,8,19,14,41,-0.268293,43.8333,2710
-30.0321,0.00369004,0.122508,2748,-0.910747,16,11,15,42,0.119048,45,2720
-32.5321,-0.0147059,2.45661,2731,-2.07065,25,17,21,63,0.126984,46.3333,2680
-35.3846,0.00373134,0.0792143,2717,-1.25421,22,17,17,56,0.0892857,47.5,2690
-37.5641,0.0148699,-0.669326,2706,0.398406,8,24,13,45,-0.355556,48.1667,2730
-40,-0.010989,0.324095,2704,-0.184843,11,17,20,48,-0.125,49.1667,2700
-35.2885,-0.0166667,-0.30998,2691,-1.51468,4,22,15,41,-0.439024,49.1667,2655
-32.8846,0,0.763265,2686,-1.11732,9,24,16,49,-0.306122,41,2655
-33.3333,-0.0207156,-0.674802,2668,-2.68247,10,22,15,47,-0.255319,39.5,2600
-41.859,0.00192308,2.35612,2643,-1.97554,7,25,23,55,-0.327273,41.1667,2605
-50.8654,0.0153551,0.290138,2632,0.0630517,22,8,24,54,0.259259,42.1667,2645
-60.8974,-0.00567108,-0.403876,2627,-0.0633312,23,20,17,60,0.05,45.3333,2630
-65.7051,-0.00380228,-0.224575,2620,-0.222152,11,21,12,44,-0.227273,51.5,2620
-61.4744,0.0381679,0.727656,2644,3.16056,30,4,25,59,0.440678,46.3333,2720
-49.4231,0.0257353,0.663014,2681,4.55965,31,7,10,48,0.5,45.1667,2790
-40.2564,-0.0179211,0.0897161,2700,1.82719,25,12,26,63,0.206349,46.6667,2740
-37.3077,-0.0109489,-0.57416,2716,0.308452,22,15,18,55,0.127273,45.8333,2710
-34.4231,-0.00369004,0.365259,2732,-0.4914,25,10,18,53,0.283019,47.3333,2700
-27.0513,-0.00185185,0.0528151,2727,-1.13115,24,4,11,39,0.512821,43.6667,2695
-21.7628,-0.0204082,0.175098,2697,-2.67281,7,23,22,52,-0.307692,44.3333,2640
-14.1026,0.0170455,-0.0638123,2686,-0.371058,24,12,31,67,0.179104,38,2685
-5.92949,-0.0018622,-0.161027,2680,-0.18622,18,19,11,48,-0.0208333,37.1667,2680
0.705128,0.0149254,-0.251938,2684,1.24069,23,15,21,59,0.135593,46.3333,2720
9.48718,-0.00367647,0.255722,2687,0.805952,23,9,17,49,0.285714,48,2710
19.8077,0.00738007,-0.354042,2705,1.33003,13,15,16,44,-0.0454545,46.6667,2730
23.2051,0.003663,-0.154014,2716,1.07593,14,17,19,50,-0.06,52.8333,2740
18.7821,0.00729927,1.25259,2732,1.34639,25,3,20,48,0.458333,49.6667,2760
20.9295,0.0163043,-0.118076,2749,2.21682,18,7,12,37,0.297297,47.8333,2805
23.5897,-0.00356506,-0.511709,2766,1.39057,14,16,12,42,-0.047619,45,2795
27.4679,0,0.264441,2779,0.87218,13,10,12,35,0.0857143,42.6667,2795
30.3846,-0.0232558,1.18678,2777,-1.47368,8,26,10,44,-0.409091,42.6667,2730
34.4872,-0.018315,-0.0304594,2761,-2.92786,12,25,15,52,-0.25,43,2680
35.8013,0.0223881,-0.512355,2748,-0.634633,11,20,22,53,-0.169811,43.8333,2740
37.5321,0,0.103543,2737,-0.242718,31,3,16,50,0.56,46,2740
33.3654,-0.00364964,0.182998,2724,-0.21322,32,9,21,62,0.370968,49.3333,2730
29.1026,-0.00915751,-0.347136,2719,-0.58193,8,13,19,40,-0.125,50.1667,2705
26.0577,0.0110906,0.0406208,2730,0.489896,10,16,22,48,-0.125,50.8333,2735
21.3782,-0.00182815,-0.323643,2728,0,8,19,22,49,-0.22449,50.3333,2730
13.0769,-0.0128205,1.50054,2719,-1.0101,7,17,12,36,-0.277778,47.5,2695
3.52564,-0.0111317,-0.366384,2706,-1.66052,26,9,14,49,0.346939,47.3333,2665
-0.25641,0.0187617,0.490932,2708,0.277008,28,8,11,47,0.425532,44.8333,2715
-4.16667,0.014733,0.265743,2712,1.44216,13,16,19,48,-0.0625,46.1667,2755
-5.38462,-0.0127042,-0.543922,2710,0.2457,13,27,21,61,-0.229508,48.3333,2720
1.44231,0.0349265,1.74683,2734,3.20807,35,14,19,68,0.308824,51.5,2815
4.64744,0.0124334,-0.217638,2771,3.5109,26,10,13,49,0.326531,53.6667,2850
4.16667,-0.0122807,-0.109094,2791,1.31974,26,11,14,51,0.294118,54,2815
10.7372,0.035524,0.080309,2823,3.67516,24,11,15,50,0.26,54.5,2915
14.0385,-0.0394511,-0.275411,2839,-0.67987,23,15,19,57,0.140351,56,2800
19.5192,0.025,-0.105531,2850,0.908292,17,15,20,52,0.0384615,54.5,2870
26.3782,0.010453,0.395792,2860,1.45773,27,12,12,51,0.294118,51.6667,2900
39.1667,0.0172414,0.0953531,2887,2.6087,22,9,11,42,0.309524,50.5,2950
55.2885,0.00338983,-0.195677,2896,2.0983,8,17,14,39,-0.230769,48.5,2960
66.6667,-0.0101351,2.86659,2922,0.97645,8,24,14,46,-0.347826,47.8333,2930
76.891,0.00341297,-0.537761,2936,0.512821,29,20,11,60,0.15,48.3333,2940
90.9936,0.0102041,-0.305341,2950,0.963173,18,13,19,50,0.1,48,2970
100.096,0.0218855,0.582907,2967,2.38965,9,21,17,47,-0.255319,47.3333,3035
102.212,-0.0115321,-0.25525,2975,0.925147,13,25,21,59,-0.20339,50.1667,3000
106.667,0.01,-0.170221,2995,1.53588,22,10,23,55,0.218182,52.8333,3030
104.423,-0.00495049,0.652782,3010,0.555864,8,25,15,48,-0.354167,53.1667,3015
111.538,-0.00165838,0.119502,3018,0,14,19,15,48,-0.104167,46.8333,3010
109.744,-0.0199336,-0.462363,3001,-1.8847,15,20,16,51,-0.0980392,47.5,2950
103.59,-0.00677966,0.0793027,2987,-1.97937,12,18,25,55,-0.109091,46.8333,2930
94.8718,0.00341297,-0.351961,2969,-1.31469,25,15,10,50,0.2,46,2940
89.6154,0.0340136,0.782124,2974,1.9849,18,8,5,31,0.322581,43.1667,3040
89.3269,0.0279605,-0.114972,2997,4.19561,33,7,13,53,0.490566,48,3125
84.1346,-0.0208,0.0435259,3019,1.74564,11,17,8,36,-0.166667,46,3060
80.609,0.0163399,-0.0970803,3055,2.49931,27,11,7,45,0.355556,45,3110
74.3269,0.00803859,-0.146536,3094,2.17273,24,10,9,43,0.325581,43,3135
68.4936,-0.00797448,0.334912,3108,0.430571,12,14,11,37,-0.0540541,40.8333,3110
64.2628,0.00321543,-0.482318,3107,0.321543,19,10,6,35,0.257143,33.3333,3120
61.5064,-0.00801282,-0.192041,3114,-0.322061,16,11,2,29,0.172414,32.1667,3095
58.2692,0.00323102,0.064168,3113,-0.240964,15,11,6,32,0.125,30,3105
65.4487,0.0112721,0.316961,3114,0.721732,11,27,15,53,-0.301887,27.1667,3140
72.3397,0.0175159,1.06346,3131,2.15827,20,21,12,53,-0.0188679,30.1667,3195
83.5577,0.0172144,0.138109,3157,3.14732,20,13,13,46,0.152174,33,3250
85.8013,-0.0123077,-0.16273,3180,1.3951,9,26,13,48,-0.354167,35.6667,3210
79.9679,-0.0202492,0.142957,3188,-0.918876,15,25,9,49,-0.204082,42,3145
76.1218,-0.027027,-0.25953,3172,-3.36842,17,20,12,49,-0.0612245,49.6667,3060
70.7692,0.0277778,0.302436,3162,-0.710339,21,8,12,41,0.317073,47.6667,3145
65.7372,0.0143084,-0.364701,3150,0.736842,24,9,10,43,0.348837,46,3190
61.4744,-0.0172414,0.436457,3135,-0.397141,10,23,13,46,-0.282609,46,3135
56.6346,-0.015949,-0.17241,3123,-1.33262,21,14,12,47,0.148936,45.8333,3085
52.5321,0,-0.573056,3128,-1.01604,7,20,13,40,-0.325,44.3333,3085
49.8718,0.00810373,0.52106,3121,-0.48,19,16,12,47,0.0638298,44,3110
42.8205,-0.00643087,0.150593,3101,-0.829099,13,30,15,58,-0.293103,46.8333,3090
31.2179,0.00161812,0.146161,3093,-0.16129,17,22,9,48,-0.104167,47.6667,3095
16.7628,0.0290792,0.110406,3113,2.46649,24,7,8,39,0.435897,46.5,3185
5.76923,0.00627944,0.0218075,3137,2.45072,23,4,6,33,0.575758,44.1667,3205
1.47436,0.00624025,0.0353456,3160,2.32681,12,22,8,42,-0.238095,44.5,3225
10.1282,0.0139535,-0.340923,3196,2.88411,24,6,8,38,0.473684,43,3270
14.5192,-0.0030581,0.309171,3229,1.6632,16,14,7,37,0.0540541,39.5,3260
16.25,0.0245399,0.611528,3260,2.84834,21,11,6,38,0.263158,37.8333,3340